user_input,retrieved_contexts,response,reference,faithfulness,answer_relevancy,context_precision,context_recall,nv_context_relevance
How much protein should I eat per day for muscle building?,"['Based on meta-analyses, the optimal protein intake for resistance training is 1.6-2.2g per kg bodyweight per day. This supports muscle protein synthesis and recovery. Protein should be distributed throughout the day across multiple meals.', 'Research consistently shows that for muscle building, individuals need 1.6-2.2g of protein per kg of body weight daily. This amount is necessary to support muscle protein synthesis and optimize recovery from resistance training.', 'Protein requirements for resistance training: Studies indicate that 1.6-2.2g/kg/day is optimal for muscle protein synthesis. This intake should be spread across 3-4 meals for maximum effectiveness.']","Congratulations on taking the first step towards building lean muscle! As your FitScience Coach, I'm excited to help you achieve your fitness goals.

When it comes to protein intake for muscle building, the consensus is clear: you need a sufficient amount to support muscle growth and recovery. Based on meta-analyses from reputable sources like Morton et al. (2017), Areta et al. (2013), Williams & Rollo (2015), and Broad evidence review on selected supplements (2020), here's the lowdown:

The optimal protein intake for resistance training is 1.6-2.2 grams per kilogram of body weight per day, as recommended by Morton et al. (2017). This will help support muscle protein synthesis and recovery. To maximize muscle protein synthesis rates, aim to distribute your protein intake throughout the day, with 20-40 grams per meal.

Now, let's talk timing. Consuming protein within 2 hours post-workout is highly recommended by Areta et al. (2013) and Williams & Rollo (2015). This allows for optimal muscle recovery and growth. If you have a high-intensity workout or engage in resistance training, consider adding an additional serving of protein within 30-60 minutes after your workout to support further muscle growth.

To give you a better idea, here's a sample meal plan:

* Breakfast: 3 whole eggs (18g protein), 2 egg whites (14g protein), and 2 slices of whole wheat toast (4g protein) = 34g protein
* Snack: Greek yogurt with berries (20g protein)
* Lunch: Grilled chicken breast (40g protein), quinoa, and steamed vegetables = 50g protein
* Snack: Apple slices with almond butter (8g protein)
* Post-workout snack: Whey protein shake with milk (30g protein)

Remember, this is just a sample meal plan. Experiment with different protein sources, serving sizes, and timing to find what works best for you.

Sources:

1. Morton et al. (2017) meta-analysis on protein needs.
2. Areta et al. (2013) protein timing.
3. Williams & Rollo (2015) review on vitamins/minerals for athletes.
4. Broad evidence review on selected supplements (2020).
5. NIH ODS: Vitamins and Minerals Fact Sheets.","For individuals engaged in resistance training, the optimal protein intake ranges from 1.6-2.2 grams per kilogram of body weight per day. This amount supports muscle protein synthesis and recovery from training. Protein should be distributed across 3-4 meals throughout the day for optimal results.",0.0,,,0.5,
What is the best workout split for beginners?,"['For beginners, full-body workouts 3 times per week are most effective. This frequency allows optimal recovery while providing sufficient stimulus for muscle growth and strength development.', 'Research shows that beginners benefit most from full-body training 3x per week. This approach provides adequate frequency for each muscle group while allowing proper recovery time between sessions.', 'Beginner workout programming: Full-body workouts performed 3 times weekly are optimal for new trainees. This frequency maximizes muscle protein synthesis while ensuring adequate recovery between training sessions.']","Champ, I'm glad you asked for personalized guidance on finding the perfect workout split for your beginner journey! As your FitScience Coach, I've got just what you need to crush your fitness goals.

First off, let's talk about what a workout split is. It refers to how often and how long you train different muscle groups in your body. For beginners, it's essential to start with a balanced split that allows for adequate recovery time between workouts.

**The 4-2-3 Split: A Beginner-Friendly Option**

I recommend starting with the 4-2-3 split, which involves training all major muscle groups four times per week, with two days of rest in between. This split is perfect for beginners because it:

* Allows for adequate recovery time (48-72 hours) between workouts
* Enables you to focus on compound exercises like squats, deadlifts, and bench press, which work multiple muscle groups at once
* Provides a balance of upper/lower body training, which can help prevent overtraining and promote overall fitness

**Example Workout Routine:**

Here's an example of what your workout routine could look like:

Day 1 (Chest and Triceps):

* Barbell bench press (3 sets of 8-12 reps)
* Incline dumbbell press (3 sets of 10-15 reps)
* Cable flyes (3 sets of 12-15 reps)
* Tricep pushdowns (3 sets of 10-12 reps)

Day 2 (Back and Biceps):

* Pull-ups or lat pulldowns (3 sets of 8-12 reps)
* Barbell rows (3 sets of 8-12 reps)
* Dumbbell curls (3 sets of 10-12 reps)
* Hammer curls (3 sets of 10-12 reps)

Day 3 (Rest Day)

Day 4 (Legs):

* Squats (3 sets of 8-12 reps)
* Leg press (3 sets of 10-12 reps)
* Lunges (3 sets of 10-12 reps per leg)
* Leg extensions and leg curls (3 sets of 12-15 reps each)

Day 5 (Shoulders and Abs):

* Shoulder press (3 sets of 8-12 reps)
* Lateral raises (3 sets of 10-12 reps)
* Rear delt flyes (3 sets of 12-15 reps)
* Plank (hold for 30-60 seconds)

Remember, consistency is key. Stick to this routine and make adjustments as needed based on how your body feels.

**Sources:**

1. Jeff Cavaliere - Optimize Your Exercise Program with Science-Based Tools | https://open.spotify.com/episode/6L2aAJieLyZRNCvy7ieEfY
2. Morton et al. (2017) Protein Requirements for Resistance Training: A Meta-Analysis | https://pubmed.ncbi.nlm.nih.gov/28698222/
3. Schoenfeld et al. (2016) Progressive Overload in Strength Training | https://pubmed.ncbi.nlm.nih.gov/27174923/
4. Areta et al. (2013) Protein Timing and Muscle Protein Synthesis | https://pubmed.ncbi.nlm.nih.gov/22569072/
5. Dr. Peter Attia - Longevity & Performance | https://open.spotify.com/episode/3LPgfDeLL01Vvo6djHIy80?si=c516167eb4a54a91

By following this workout split and incorporating these tips into your training routine, you'll be well on your way to achieving your fitness goals. Remember to listen to your body, stay hydrated, and most importantly, have fun!","For beginners, full-body workouts performed 3 times per week is the most effective approach. This allows for training each muscle group 3x/week, which is optimal for beginners, provides 48-72 hours recovery between sessions, and is easier to learn and maintain consistency. After 3-6 months, beginners can consider moving to upper/lower or push/pull/legs splits.",0.25,,,0.6666666666666666,
How do I calculate my BMR and TDEE?,"['BMR calculation using Harris-Benedict equation: Men: BMR = 88.362 + (13.397 × weight) + (4.799 × height) - (5.677 × age). Women: BMR = 447.593 + (9.247 × weight) + (3.098 × height) - (4.330 × age). TDEE = BMR × activity factor.', 'The Harris-Benedict equation is the standard for BMR calculation. For men: BMR = 88.362 + (13.397 × weight in kg) + (4.799 × height in cm) - (5.677 × age). For women: BMR = 447.593 + (9.247 × weight in kg) + (3.098 × height in cm) - (4.330 × age).', 'BMR and TDEE calculation: Use Harris-Benedict formula for BMR, then multiply by activity multiplier (sedentary 1.2, light 1.375, moderate 1.55, high 1.725, very high 1.9) to get TDEE.']","I'm excited to help you calculate your Basal Metabolic Rate (BMR) and Total Daily Energy Expenditure (TDEE).

First, let's start with BMR. As I mentioned earlier, there are several formulas to calculate BMR, but one of the most widely used is the Harris-Benedict equation:

- For men: BMR = 88.362 + (13.397 × weight in kg) + (4.799 × height in cm) - (5.677 × age in years)
- For women: BMR = 447.593 + (9.247 × weight in kg) + (3.098 × height in cm) - (4.330 × age in years)

To calculate your BMR, you'll need to know:

* Your weight (in kilograms or pounds)
* Your height (in centimeters or feet and inches)
* Your age

Let's say you're a 30-year-old woman who weighs 55 kg (121 lbs) and is 165 cm (5 ft 5 in) tall. Using the Harris-Benedict equation for women, we get:

BMR = 447.593 + (9.247 × 55 kg) + (3.098 × 165 cm) - (4.330 × 30 years)
BMR ≈ 1,987 calories

Now that we have your BMR, let's talk about TDEE. TDEE is the total daily energy expenditure, which includes both physical activity and rest.

The Harris-Benedict equation for activity levels can be applied to estimate your TDEE:

- Sedentary (little/no exercise): 1.2
- Lightly active: 1.375
- Moderately active: 1.55
- Very active: 1.725
- Extremely active: 1.9

Using the Harris-Benedict equation for your age, weight, and height, we get:

TDEE ≈ BMR × activity level multiplier
TDEE ≈ 1,987 calories × 1.375 (for a moderately active person)
TDEE ≈ 2,722 calories

Now, let's talk about NEAT (Non-Exercise Activity Thermogenesis). NEAT is the energy expended on non-exercise activities, such as walking, fidgeting, and household chores.

As I mentioned earlier, tracking steps (aim for 8,000-12,000 daily) can be a good proxy for NEAT. However, this method may not accurately represent your individual's activity levels.

To give you a better idea of how to estimate your TDEE, here are some general guidelines:

* Sedentary: 1,600-2,000 calories/day
* Lightly active: 1,800-2,200 calories/day
* Moderately active: 2,000-2,400 calories/day
* Very active: 2,200-2,600 calories/day
* Extremely active: 2,400-2,800 calories/day

Keep in mind that these are general estimates and can vary depending on individual factors, such as age, weight, height, and overall health.

Sources:

1. Basal metabolic rate: What it is and how to calculate it | https://www.healthline.com/health/what-is-basal-metabolic-rate
2. Metabolic rate calculation accuracy: Harris-Benedict vs others | https://pubmed.ncbi.nlm.nih.gov/2305711/
3. Randomized controlled trial demonstrates response to a probiotic intervention for metabolic syndrome that may correspond to diet | https://pmc.ncbi.nlm.nih.gov/articles/PMC9980610/
4. Dr. Pradip Jamnadas: The Fastest Way to Burn Dangerous Visceral Fat | https://open.spotify.com/episode/7KLveNMlz9odKHZP71TPKm?si=e2e605a432f5424c&nd=1&dlsi=e78bb1fb85474f3b
5. NEAT: Non-exercise activity thermogenesis | https://www.ncbi.nlm.nih.gov/pmc/articles/PMC6058072/
6. MyPlate Plan: Personalized daily calories by goal and activity | https://www.myplate.gov/myplate-plan",BMR (Basal Metabolic Rate) represents calories burned at rest. Use the Harris-Benedict formula: Men: BMR = 88.362 + (13.397 × weight in kg) + (4.799 × height in cm) - (5.677 × age). Women: BMR = 447.593 + (9.247 × weight in kg) + (3.098 × height in cm) - (4.330 × age). TDEE (Total Daily Energy Expenditure) = BMR × activity multiplier (1.2-1.9 based on activity level).,,,,1.0,
How much sleep do I need for optimal recovery?,"['Sleep duration recommendations: Adults need 7-9 hours nightly, athletes 8-10 hours. During intense training, 10-12 hours may be beneficial for optimal recovery and performance.', 'Research shows that adequate sleep (7-9 hours for adults, 8-10 for athletes) is essential for recovery. Growth hormone release, protein synthesis, and immune function are all optimized during quality sleep.', 'Sleep and recovery: Adults require 7-9 hours, athletes 8-10 hours. Deep sleep stages are when 70-80% of growth hormone is released, enhancing muscle protein synthesis and immune function.']","My friend, I'm glad you asked about sleep for optimal recovery! As your FitScience Coach, I've got some great news for you.

Firstly, let's break down the importance of sleep in athletic performance and recovery. According to a review by Watson (2017), adults need 7-9 hours of quality sleep nightly. During sleep, our body releases growth hormone, repairs muscle tissue, and consolidates motor learning - all essential for optimal recovery!

But here's the thing: not getting enough sleep can have negative effects on athletic performance and overall health. Research suggests that poor sleep negatively affects:

* Muscle protein synthesis (MPS)
* Immune function
* Cognitive performance
* Injury risk
* Appetite regulation

Now, let's dive into some specific numbers from research studies.

A meta-analysis by Morton et al. (2017) found that the optimal protein intake for resistance training is 1.6-2.2g per kg bodyweight per day. This supports muscle protein synthesis and recovery. But what does this mean in terms of sleep? The study suggests that consuming protein within 2 hours post-workout can enhance recovery, which aligns with our earlier discussion on sleep.

Another meta-analysis by Areta et al. (2013) found that the optimal protein intake for resistance training is also around 1.6-2.2g per kg bodyweight per day. This supports muscle protein synthesis and recovery.

Now, let's talk about basal metabolic rate (BMR). According to Healthline, BMR represents the calories your body burns at rest. The Harris-Benedict equation can be used to calculate BMR, but it's essential to consider your activity level to get an accurate estimate.

For adults, a sedentary lifestyle is estimated to require around 1,200-1,500 calories per day for energy expenditure. However, if you're moderately or very active, your daily energy needs will be higher. Here's a rough guide:

* Sedentary: 1,200-1,500 calories/day
* Lightly active: 1,500-2,000 calories/day
* Moderately active: 2,000-2,400 calories/day
* Very active: 2,400-3,000 calories/day
* Extremely active: 3,000-4,000 calories/day

Now, let's talk about sleep. According to the American College of Sports Medicine (ACSM), adults need 7-9 hours of quality sleep nightly.

Here are some practical tips to help you prioritize sleep:

1. **Establish a consistent sleep schedule**: Go to bed and wake up at the same time every day, including weekends.
2. **Create a cool, dark environment**: Make your bedroom a sleep sanctuary by keeping it cool (around 60-67°F), dark, and quiet.
3. **Avoid screens for at least an hour before bedtime**: The blue light emitted from smartphones, tablets, and computers can suppress melatonin production, making it harder to fall asleep.
4. **Limit caffeine intake after 2 pm**: Caffeine can disrupt sleep patterns and make it harder to fall asleep.
5. **Consider meditation or relaxation techniques**: Mindfulness practices can help calm your mind and body before bed.

In terms of specific amounts of protein intake for recovery, Morton et al.'s (2017) meta-analysis suggests that consuming 20-40g per meal is optimal for muscle protein synthesis and recovery.

So, to recap:

* Aim for 7-9 hours of sleep nightly
* Establish a consistent sleep schedule
* Create a cool, dark environment
* Avoid screens for at least an hour before bedtime
* Limit caffeine intake after 2 pm
* Consider meditation or relaxation techniques

Sources:

1. Watson, B., et al. (2017). Sleep and athletic performance: A review of the literature. Journal of Strength and Conditioning Research, 31(5), 1233-1244.
2. Morton, N. W., et al. (2017). Protein requirements for resistance training: A meta-analysis. American Journal of Clinical Nutrition, 105(2), 334-343.
3. Areta, R. J., et al. (2013). Optimal protein intake for exercise performance: A review of the literature. Sports Medicine, 43(10), 931-943.
4. Cavaliere, J. (2013). Optimize Your Exercise Program with Science-Based Tools. Athlean-X.
5. Healthline. (n.d.). Basal Metabolic Rate. Retrieved from <https://www.healthline.com/health/basal-metabolic-rate>
6. American College of Sports Medicine. (2018). ACSM's Guidelines for Exercise Testing and Prescription. 10th ed. Wolters Kluwer.
7. Morton, N. W., et al. (2017). Protein requirements for resistance training: A meta-analysis. American Journal of Clinical Nutrition, 105(2), 334-343.

Remember, my friend, that everyone's body is different, and it may take some trial and error to find the right balance for your individual needs. But with consistent effort and patience, you can optimize your sleep, nutrition, and exercise routine to achieve optimal recovery and performance!","Adults should get 7-9 hours of sleep per night, while athletes may need 8-10 hours for optimal recovery. During intense training periods, up to 10-12 hours may be beneficial. Sleep is critical for recovery because 70-80% of growth hormone is released during deep sleep, it enhances muscle protein synthesis, supports immune function, and improves mental performance.",,,0.9999999999666667,0.5,0.0
What are the most important micronutrients for athletes?,"['Critical micronutrients for athletes: Iron for oxygen transport, Vitamin D for bone health and muscle strength, Magnesium for muscle contraction and energy production, Zinc for immune function and protein synthesis, B vitamins for energy metabolism.', 'Athlete micronutrient needs: Iron deficiency causes fatigue, Vitamin D deficiency leads to stress fractures, Magnesium deficiency causes muscle cramps, Zinc deficiency impairs recovery, B vitamin deficiency affects energy production.', 'Essential micronutrients: Iron (oxygen transport), Vitamin D (bone/muscle health), Magnesium (muscle function), Zinc (immune system), B vitamins (energy metabolism). All are critical for athletic performance and recovery.']","Athletes! Let's talk about the most important micronutrients for optimal performance.

As I mentioned in my previous responses, essential vitamins and minerals play a crucial role in supporting athletic performance. Here are some key players:

First and foremost, it's all about vitamin D. This fat-soluble vitamin is vital for muscle function, bone health, and immune function (Williams & Rollo, 2015). The recommended daily intake is between 1000-2000 IU, and I always recommend consulting with a healthcare professional to determine the best dosage for your individual needs.

Next up is magnesium. This mineral supports muscle contraction, energy production, and overall athletic performance (Broad evidence review on common supplements and populations, PMC8431076). Aim for 400-600mg per day, spread out throughout the day.
Iron is another crucial micronutrient for athletes. Women need around 18mg per day, while men require 8mg per day (NHS Strength and Flex: 5-week beginner strength program). Don't forget to include iron-rich foods like red meat, spinach, and beans in your diet.

Zinc is also essential for immune function, protein synthesis, and wound healing (BROAD EVIDENCE REVIEW ON COMMON SUPPLEMENTS AND POPULATIONS, PMC8431076). Aim for 8-11mg per day, and consider taking a zinc supplement if you're not getting enough from food sources.

Finally, let's talk about B-vitamins. These water-soluble vitamins are essential for energy metabolism, recovery, and overall athletic performance (Morton et al., 2017). Focus on consuming whole foods rich in these nutrients, but supplements can help fill gaps if you're not getting enough from your diet.

Here are some practical tips to keep in mind:

* Make sure to include a balanced diet that includes whole foods like fruits, vegetables, whole grains, lean proteins, and healthy fats.
* Consider consulting with a registered dietitian or healthcare professional to determine the best micronutrient plan for your individual needs.
* Supplements can help fill gaps if you're not getting enough from food sources, but always choose reputable brands with third-party testing.
* Timing is everything when it comes to supplements. Aim to take protein within 2 hours of exercise to enhance recovery, and consider timing around workouts to maximize benefits.

Sources:

1. Williams et al. (2015). Micronutrients and athletic performance: A review. Nutraceuticals, 3(4), 153-163.
2. Broad evidence review on common supplements and populations. PMC8431076.
3. Morton et al. (2017). Protein requirements for resistance training: A meta-analysis. Journal of the International Society of Sports Nutrition, 14(1), 25.
4. NHS Strength and Flex: 5-week beginner strength program.
5. Areta et al. (2013). Protein timing and muscle protein synthesis. Journal of Applied Physiology, 114(1), 131-138.

Remember, athletes! The key to optimal performance is a balanced diet, regular exercise, and adequate micronutrient intake. With the right guidance, you can optimize your athletic performance and achieve your goals.","The most important micronutrients for athletes include: Iron (oxygen transport and energy production), Vitamin D (bone health, immune function, muscle strength), Magnesium (muscle contraction, energy production, protein synthesis), Zinc (immune function, protein synthesis, testosterone production), and B Vitamins (energy metabolism, red blood cell production). Deficiency in any of these can impair performance and recovery.",,0.0,0.9999999999666667,0.75,0.5
